district_code,district,device_home_core,device_use_core,skill_q4,skill_q5b,skill_q6b,skill_q7,safety_behavior,safety_awareness,wifi_density,avg_income,living_pop_daytime,station_density_4g,station_density_5g,download_speed,mobile_data_usage,online_service_days,delinq_rate,n_station_density_4g,n_station_density_5g,n_download_speed,n_mobile_data_usage,n_online_service_days,n_wifi_density,n_avg_income,n_delinq_rate,n_device_home_core,n_device_use_core,n_skill_q4,n_skill_q5b,n_skill_q6b,n_skill_q7,n_safety_behavior,n_safety_awareness,score_Infrastructure,score_Available_for_Use,score_Affordability,score_Devices,score_Digital_Skills,score_Safety,score_UMC,rank_UMC,year
11220,서초구,1.861,2.507,0.729,0.72,0.669,0.665,0.659,0.587,2.193,4912401,603628.762,6.522,1.966,1073.063,6.327,341.786,6.022,0.65,0.431,0.389,0.0,0.588,0.542,0.987,1.0,0.976,1.0,0.414,0.523,0.514,0.683,0.81,0.772,0.49,0.376,0.993,0.988,0.533,0.791,0.695,1,2024
11190,영등포구,1.612,2.24,0.826,0.755,0.711,0.657,0.683,0.569,0.746,3604887,504005.109,6.466,1.909,1328.19,6.91,353.629,6.4,0.633,0.375,0.887,0.359,1.0,0.184,0.441,0.883,0.668,0.686,1.0,0.717,0.812,0.63,0.995,0.683,0.631,0.514,0.662,0.677,0.79,0.839,0.686,2,2024
11140,마포구,1.605,2.193,0.736,0.768,0.699,0.646,0.645,0.601,2.824,3832436,455777.57,6.352,2.025,1220.95,7.117,352.756,6.867,0.597,0.488,0.678,0.487,0.97,0.698,0.536,0.739,0.659,0.631,0.459,0.787,0.723,0.561,0.7,0.841,0.588,0.718,0.637,0.645,0.633,0.77,0.665,3,2024
11130,서대문구,1.519,2.143,0.722,0.734,0.738,0.679,0.669,0.6,0.863,3417706,356045.537,6.041,2.21,1301.14,6.885,337.848,6.72,0.5,0.669,0.834,0.344,0.45,0.213,0.363,0.784,0.551,0.571,0.376,0.599,1.0,0.776,0.884,0.839,0.668,0.336,0.574,0.561,0.688,0.862,0.615,4,2024
11030,용산구,1.881,2.3,0.714,0.703,0.632,0.607,0.586,0.523,4.047,3971498,292491.314,7.47,2.551,1236.383,7.079,343.777,8.091,0.946,1.0,0.708,0.463,0.657,1.0,0.594,0.36,1.0,0.756,0.325,0.433,0.259,0.303,0.228,0.454,0.884,0.707,0.477,0.878,0.33,0.341,0.603,5,2024
11010,종로구,1.484,2.185,0.713,0.684,0.676,0.713,0.679,0.633,1.81,3725859,328042.267,7.63,2.183,873.95,7.151,324.914,7.812,0.995,0.642,0.0,0.507,0.0,0.447,0.492,0.446,0.509,0.621,0.318,0.327,0.568,1.0,0.968,1.0,0.546,0.318,0.469,0.565,0.553,0.984,0.572,6,2024
11240,송파구,1.378,1.742,0.804,0.806,0.702,0.613,0.683,0.604,1.994,3995905,745960.975,5.106,1.524,1160.153,6.704,350.938,6.534,0.209,0.0,0.559,0.232,0.906,0.492,0.604,0.842,0.378,0.1,0.864,1.0,0.747,0.343,1.0,0.86,0.256,0.544,0.723,0.239,0.739,0.93,0.572,7,2024
11020,중구,1.43,1.961,0.806,0.772,0.652,0.707,0.617,0.549,1.901,3513603,325312.033,7.645,1.921,1080.152,7.438,336.89,8.045,1.0,0.387,0.403,0.684,0.417,0.469,0.403,0.374,0.441,0.357,0.878,0.808,0.397,0.958,0.477,0.584,0.597,0.524,0.389,0.399,0.76,0.53,0.533,8,2024
11200,동작구,1.662,2.222,0.791,0.735,0.712,0.561,0.572,0.523,2.183,3454170,349353.578,4.674,2.027,1221.12,6.949,345.951,6.17,0.075,0.49,0.678,0.383,0.733,0.539,0.378,0.954,0.729,0.665,0.787,0.609,0.815,0.0,0.122,0.455,0.414,0.552,0.666,0.697,0.553,0.288,0.528,9,2024
11120,은평구,1.716,2.064,0.758,0.73,0.659,0.576,0.606,0.553,2.008,2912739,391675.236,6.643,2.196,1386.04,6.853,344.247,7.624,0.688,0.654,1.0,0.324,0.673,0.496,0.152,0.504,0.796,0.478,0.592,0.579,0.447,0.095,0.384,0.603,0.781,0.498,0.328,0.637,0.428,0.493,0.528,10,2024
11210,관악구,1.622,2.038,0.801,0.782,0.724,0.648,0.602,0.501,0.333,2771927,424428.626,4.658,2.245,1368.94,7.951,353.375,8.572,0.069,0.703,0.967,1.0,0.991,0.082,0.094,0.211,0.68,0.447,0.849,0.864,0.898,0.57,0.359,0.342,0.58,0.691,0.152,0.564,0.795,0.351,0.522,11,2024
11040,성동구,1.251,1.861,0.66,0.625,0.687,0.666,0.617,0.601,3.409,3734499,340748.055,4.748,1.984,1189.895,7.154,348.089,6.779,0.098,0.448,0.617,0.509,0.807,0.842,0.495,0.766,0.219,0.239,0.0,0.0,0.639,0.693,0.472,0.845,0.387,0.72,0.631,0.229,0.333,0.658,0.493,12,2024
11050,광진구,1.542,2.148,0.746,0.752,0.639,0.589,0.574,0.5,2.851,3192971,351833.007,6.19,2.078,985.015,7.66,352.781,7.765,0.547,0.539,0.217,0.821,0.97,0.704,0.269,0.461,0.58,0.578,0.519,0.699,0.307,0.184,0.137,0.338,0.434,0.832,0.365,0.579,0.427,0.238,0.479,13,2024
11150,양천구,1.565,1.985,0.757,0.691,0.65,0.676,0.617,0.558,0.99,3796034,347441.775,5.345,1.822,1007.647,6.375,340.635,6.696,0.283,0.29,0.261,0.03,0.547,0.244,0.521,0.791,0.61,0.385,0.584,0.366,0.383,0.757,0.476,0.625,0.278,0.274,0.656,0.497,0.523,0.551,0.463,14,2024
11160,강서구,1.49,1.952,0.743,0.702,0.654,0.565,0.606,0.551,3.254,3160623,525338.96,6.086,1.824,1256.758,6.83,348.396,7.893,0.514,0.292,0.748,0.31,0.818,0.804,0.256,0.421,0.516,0.347,0.498,0.427,0.41,0.025,0.391,0.592,0.518,0.644,0.338,0.431,0.34,0.492,0.46,15,2024
11180,금천구,1.623,2.1,0.783,0.742,0.647,0.635,0.614,0.552,0.448,2632285,217493.184,7.269,2.106,1063.61,6.895,335.44,8.638,0.883,0.567,0.37,0.35,0.367,0.11,0.035,0.191,0.681,0.521,0.741,0.646,0.36,0.484,0.449,0.596,0.607,0.276,0.113,0.601,0.558,0.523,0.446,16,2024
11250,강동구,1.073,1.736,0.788,0.776,0.664,0.605,0.615,0.618,2.252,3292857,478396.29,4.942,1.564,1234.395,6.641,343.666,6.949,0.158,0.038,0.704,0.193,0.653,0.556,0.311,0.713,0.0,0.092,0.772,0.833,0.479,0.286,0.463,0.927,0.3,0.468,0.512,0.046,0.592,0.695,0.435,17,2024
11230,강남구,1.355,1.825,0.686,0.639,0.657,0.628,0.586,0.533,1.555,4943841,887130.23,6.883,1.859,1068.765,6.416,338.498,7.427,0.763,0.326,0.38,0.055,0.473,0.384,1.0,0.565,0.349,0.197,0.161,0.076,0.43,0.438,0.231,0.503,0.49,0.304,0.783,0.273,0.276,0.367,0.415,18,2024
11080,성북구,1.406,2.003,0.751,0.728,0.632,0.605,0.589,0.483,0.161,3281773,390435.426,6.004,2.034,1203.57,7.08,342.431,7.056,0.489,0.496,0.644,0.463,0.61,0.039,0.306,0.68,0.412,0.406,0.55,0.567,0.254,0.285,0.252,0.252,0.543,0.371,0.493,0.409,0.414,0.252,0.414,19,2024
11060,동대문구,1.537,2.127,0.723,0.712,0.618,0.578,0.595,0.438,1.36,3030256,334993.488,4.517,2.185,1335.895,7.25,339.205,7.445,0.025,0.644,0.902,0.568,0.498,0.336,0.201,0.56,0.575,0.553,0.383,0.481,0.161,0.111,0.301,0.03,0.524,0.467,0.381,0.564,0.284,0.166,0.398,20,2024
11110,노원구,1.524,1.902,0.75,0.718,0.609,0.59,0.565,0.476,2.66,3195375,450947.079,4.435,1.557,1124.58,6.98,352.585,6.315,0.0,0.032,0.489,0.402,0.964,0.657,0.27,0.909,0.559,0.288,0.539,0.511,0.094,0.192,0.062,0.22,0.174,0.674,0.59,0.424,0.334,0.141,0.389,21,2024
11170,구로구,1.088,1.698,0.728,0.668,0.637,0.642,0.604,0.559,2.35,2994059,376407.029,6.557,1.865,1173.345,6.683,341.119,6.957,0.661,0.332,0.585,0.219,0.564,0.58,0.186,0.711,0.018,0.048,0.413,0.24,0.29,0.531,0.37,0.633,0.526,0.455,0.449,0.033,0.369,0.501,0.389,22,2024
11090,강북구,1.336,1.866,0.759,0.711,0.673,0.602,0.66,0.536,1.058,2547460,257521.91,5.988,1.984,1259.44,6.973,331.479,9.255,0.484,0.448,0.753,0.398,0.229,0.261,0.0,0.0,0.325,0.245,0.598,0.474,0.545,0.268,0.819,0.516,0.562,0.296,0.0,0.285,0.471,0.667,0.38,23,2024
11100,도봉구,1.449,1.969,0.776,0.722,0.649,0.637,0.562,0.432,0.003,2785111,245555.176,5.616,1.853,1130.25,6.752,335.702,7.976,0.368,0.32,0.5,0.262,0.376,0.0,0.099,0.395,0.465,0.366,0.698,0.537,0.374,0.5,0.037,0.0,0.396,0.213,0.247,0.416,0.527,0.019,0.303,24,2024
11070,중랑구,1.157,1.658,0.707,0.663,0.595,0.632,0.557,0.504,2.231,2598785,315781.969,5.887,2.182,1281.77,7.026,337.145,8.655,0.452,0.641,0.796,0.43,0.426,0.551,0.021,0.186,0.104,0.0,0.286,0.213,0.0,0.468,0.0,0.356,0.63,0.469,0.103,0.052,0.242,0.178,0.279,25,2024
